1	TTATAACG
2	CCACAATG
3	ATATACAC
4	GCACACGC
5	AGAGAGAG
6	TCACAGCA
7	CTATAGTA
8	CGAGATTC
9	TAATCAAC
10	CGACCAGC
11	TTAGCCAG
12	CCAACCGG
13	GCAACGCC
14	ATAGCGTC
15	TCAACTAA
16	GAATCTCG
17	CTAGCTGA
18	AGACCTTG
19	CTACGACA
20	TCATGATA
21	TAAGGCTC
22	CCATGGCG
23	TTACGGTG
24	GCATGTAC
25	ATACGTGC
26	GCAGTATC
27	CTAATCAA
28	AGATTCCG
29	TCAGTCGA
30	GAACTCTG
31	CGATTGAC
32	TAACTGGC
33	CCAGTTAG
34	TGCTACAG
35	GCCGACCA
36	CACCACGG
37	ATCAACTA
38	GACCAGCC
39	AGCTAGTC
40	TACCATAA
41	GTCAATCG
42	CGCTATGA
43	ACCGATTG
44	GTCTCAAG
45	CGCGCACA
46	TACACATA
47	CACACGCG
48	ATCTCGGA
49	TGCGCGTG
50	GACACTAC
51	AGCGCTGC
52	AGCCGACC
53	GACTGATC
54	CGCCGCAA
55	ACCAGCCG
56	TACTGCGA
57	GTCGGCTG
58	CACTGTAG
59	ATCGGTCA
60	TGCCGTGG
61	GCCAGTTA
62	TGCATACG
63	GCCTTAGA
64	CACGTATG
65	AGCATCAC
66	GACGTCGC
67	ACCTTGAG
68	TACGTGCA
69	GTCCTGGG
70	CGCATGTA
71	CCGTAACA
72	TTGCAATA
73	CAGGACCC
74	TGGAACTC
75	CTGCAGCG
76	TCGTAGTG
77	GTGCATAC
78	ACGTATGC
79	ACGGCACC
80	GTGACATC
81	CCGGCCAA
82	TTGACCGA
83	CAGCCGAC
84	TGGTCGGC
85	CTGACTAG
86	AGGTCTCA
87	TCGGCTGG
88	GAGCCTTA
89	TCGCGACG
90	CTGTGATG
91	ACGCGCAC
92	GTGTGCGC
93	TTGTGGCA
94	CCGCGGTA
95	CAGAGTTC
96	TGGCTAAC