barcode_number;sequence;barcode
1;GCCGGTAATACGACTCACTATAGGGCCTTGGCACCCGAGAATTCCANNNNNNTTATAACGTTTTTTTTTTTTTTTTTTTTTTTV;TTATAACG
2;GCCGGTAATACGACTCACTATAGGGCCTTGGCACCCGAGAATTCCANNNNNNCCACAATGTTTTTTTTTTTTTTTTTTTTTTTV;CCACAATG
3;GCCGGTAATACGACTCACTATAGGGCCTTGGCACCCGAGAATTCCANNNNNNATATACACTTTTTTTTTTTTTTTTTTTTTTTV;ATATACAC
4;GCCGGTAATACGACTCACTATAGGGCCTTGGCACCCGAGAATTCCANNNNNNGCACACGCTTTTTTTTTTTTTTTTTTTTTTTV;GCACACGC
5;GCCGGTAATACGACTCACTATAGGGCCTTGGCACCCGAGAATTCCANNNNNNAGAGAGAGTTTTTTTTTTTTTTTTTTTTTTTV;AGAGAGAG
6;GCCGGTAATACGACTCACTATAGGGCCTTGGCACCCGAGAATTCCANNNNNNTCACAGCATTTTTTTTTTTTTTTTTTTTTTTV;TCACAGCA
7;GCCGGTAATACGACTCACTATAGGGCCTTGGCACCCGAGAATTCCANNNNNNCTATAGTATTTTTTTTTTTTTTTTTTTTTTTV;CTATAGTA
8;GCCGGTAATACGACTCACTATAGGGCCTTGGCACCCGAGAATTCCANNNNNNCGAGATTCTTTTTTTTTTTTTTTTTTTTTTTV;CGAGATTC
9;GCCGGTAATACGACTCACTATAGGGCCTTGGCACCCGAGAATTCCANNNNNNTAATCAACTTTTTTTTTTTTTTTTTTTTTTTV;TAATCAAC
10;GCCGGTAATACGACTCACTATAGGGCCTTGGCACCCGAGAATTCCANNNNNNCGACCAGCTTTTTTTTTTTTTTTTTTTTTTTV;CGACCAGC
11;GCCGGTAATACGACTCACTATAGGGCCTTGGCACCCGAGAATTCCANNNNNNTTAGCCAGTTTTTTTTTTTTTTTTTTTTTTTV;TTAGCCAG
12;GCCGGTAATACGACTCACTATAGGGCCTTGGCACCCGAGAATTCCANNNNNNCCAACCGGTTTTTTTTTTTTTTTTTTTTTTTV;CCAACCGG
13;GCCGGTAATACGACTCACTATAGGGCCTTGGCACCCGAGAATTCCANNNNNNGCAACGCCTTTTTTTTTTTTTTTTTTTTTTTV;GCAACGCC
14;GCCGGTAATACGACTCACTATAGGGCCTTGGCACCCGAGAATTCCANNNNNNATAGCGTCTTTTTTTTTTTTTTTTTTTTTTTV;ATAGCGTC
15;GCCGGTAATACGACTCACTATAGGGCCTTGGCACCCGAGAATTCCANNNNNNTCAACTAATTTTTTTTTTTTTTTTTTTTTTTV;TCAACTAA
16;GCCGGTAATACGACTCACTATAGGGCCTTGGCACCCGAGAATTCCANNNNNNGAATCTCGTTTTTTTTTTTTTTTTTTTTTTTV;GAATCTCG
17;GCCGGTAATACGACTCACTATAGGGCCTTGGCACCCGAGAATTCCANNNNNNCTAGCTGATTTTTTTTTTTTTTTTTTTTTTTV;CTAGCTGA
18;GCCGGTAATACGACTCACTATAGGGCCTTGGCACCCGAGAATTCCANNNNNNAGACCTTGTTTTTTTTTTTTTTTTTTTTTTTV;AGACCTTG
19;GCCGGTAATACGACTCACTATAGGGCCTTGGCACCCGAGAATTCCANNNNNNCTACGACATTTTTTTTTTTTTTTTTTTTTTTV;CTACGACA
20;GCCGGTAATACGACTCACTATAGGGCCTTGGCACCCGAGAATTCCANNNNNNTCATGATATTTTTTTTTTTTTTTTTTTTTTTV;TCATGATA
21;GCCGGTAATACGACTCACTATAGGGCCTTGGCACCCGAGAATTCCANNNNNNTAAGGCTCTTTTTTTTTTTTTTTTTTTTTTTV;TAAGGCTC
22;GCCGGTAATACGACTCACTATAGGGCCTTGGCACCCGAGAATTCCANNNNNNCCATGGCGTTTTTTTTTTTTTTTTTTTTTTTV;CCATGGCG
23;GCCGGTAATACGACTCACTATAGGGCCTTGGCACCCGAGAATTCCANNNNNNTTACGGTGTTTTTTTTTTTTTTTTTTTTTTTV;TTACGGTG
24;GCCGGTAATACGACTCACTATAGGGCCTTGGCACCCGAGAATTCCANNNNNNGCATGTACTTTTTTTTTTTTTTTTTTTTTTTV;GCATGTAC
25;GCCGGTAATACGACTCACTATAGGGCCTTGGCACCCGAGAATTCCANNNNNNATACGTGCTTTTTTTTTTTTTTTTTTTTTTTV;ATACGTGC
26;GCCGGTAATACGACTCACTATAGGGCCTTGGCACCCGAGAATTCCANNNNNNGCAGTATCTTTTTTTTTTTTTTTTTTTTTTTV;GCAGTATC
27;GCCGGTAATACGACTCACTATAGGGCCTTGGCACCCGAGAATTCCANNNNNNCTAATCAATTTTTTTTTTTTTTTTTTTTTTTV;CTAATCAA
28;GCCGGTAATACGACTCACTATAGGGCCTTGGCACCCGAGAATTCCANNNNNNAGATTCCGTTTTTTTTTTTTTTTTTTTTTTTV;AGATTCCG
29;GCCGGTAATACGACTCACTATAGGGCCTTGGCACCCGAGAATTCCANNNNNNTCAGTCGATTTTTTTTTTTTTTTTTTTTTTTV;TCAGTCGA
30;GCCGGTAATACGACTCACTATAGGGCCTTGGCACCCGAGAATTCCANNNNNNGAACTCTGTTTTTTTTTTTTTTTTTTTTTTTV;GAACTCTG
31;GCCGGTAATACGACTCACTATAGGGCCTTGGCACCCGAGAATTCCANNNNNNCGATTGACTTTTTTTTTTTTTTTTTTTTTTTV;CGATTGAC
32;GCCGGTAATACGACTCACTATAGGGCCTTGGCACCCGAGAATTCCANNNNNNTAACTGGCTTTTTTTTTTTTTTTTTTTTTTTV;TAACTGGC
33;GCCGGTAATACGACTCACTATAGGGCCTTGGCACCCGAGAATTCCANNNNNNCCAGTTAGTTTTTTTTTTTTTTTTTTTTTTTV;CCAGTTAG
34;GCCGGTAATACGACTCACTATAGGGCCTTGGCACCCGAGAATTCCANNNNNNTGCTACAGTTTTTTTTTTTTTTTTTTTTTTTV;TGCTACAG
35;GCCGGTAATACGACTCACTATAGGGCCTTGGCACCCGAGAATTCCANNNNNNGCCGACCATTTTTTTTTTTTTTTTTTTTTTTV;GCCGACCA
36;GCCGGTAATACGACTCACTATAGGGCCTTGGCACCCGAGAATTCCANNNNNNCACCACGGTTTTTTTTTTTTTTTTTTTTTTTV;CACCACGG
37;GCCGGTAATACGACTCACTATAGGGCCTTGGCACCCGAGAATTCCANNNNNNATCAACTATTTTTTTTTTTTTTTTTTTTTTTV;ATCAACTA
38;GCCGGTAATACGACTCACTATAGGGCCTTGGCACCCGAGAATTCCANNNNNNGACCAGCCTTTTTTTTTTTTTTTTTTTTTTTV;GACCAGCC
39;GCCGGTAATACGACTCACTATAGGGCCTTGGCACCCGAGAATTCCANNNNNNAGCTAGTCTTTTTTTTTTTTTTTTTTTTTTTV;AGCTAGTC
40;GCCGGTAATACGACTCACTATAGGGCCTTGGCACCCGAGAATTCCANNNNNNTACCATAATTTTTTTTTTTTTTTTTTTTTTTV;TACCATAA
41;GCCGGTAATACGACTCACTATAGGGCCTTGGCACCCGAGAATTCCANNNNNNGTCAATCGTTTTTTTTTTTTTTTTTTTTTTTV;GTCAATCG
42;GCCGGTAATACGACTCACTATAGGGCCTTGGCACCCGAGAATTCCANNNNNNCGCTATGATTTTTTTTTTTTTTTTTTTTTTTV;CGCTATGA
43;GCCGGTAATACGACTCACTATAGGGCCTTGGCACCCGAGAATTCCANNNNNNACCGATTGTTTTTTTTTTTTTTTTTTTTTTTV;ACCGATTG
44;GCCGGTAATACGACTCACTATAGGGCCTTGGCACCCGAGAATTCCANNNNNNGTCTCAAGTTTTTTTTTTTTTTTTTTTTTTTV;GTCTCAAG
45;GCCGGTAATACGACTCACTATAGGGCCTTGGCACCCGAGAATTCCANNNNNNCGCGCACATTTTTTTTTTTTTTTTTTTTTTTV;CGCGCACA
46;GCCGGTAATACGACTCACTATAGGGCCTTGGCACCCGAGAATTCCANNNNNNTACACATATTTTTTTTTTTTTTTTTTTTTTTV;TACACATA
47;GCCGGTAATACGACTCACTATAGGGCCTTGGCACCCGAGAATTCCANNNNNNCACACGCGTTTTTTTTTTTTTTTTTTTTTTTV;CACACGCG
48;GCCGGTAATACGACTCACTATAGGGCCTTGGCACCCGAGAATTCCANNNNNNATCTCGGATTTTTTTTTTTTTTTTTTTTTTTV;ATCTCGGA
49;GCCGGTAATACGACTCACTATAGGGCCTTGGCACCCGAGAATTCCANNNNNNTGCGCGTGTTTTTTTTTTTTTTTTTTTTTTTV;TGCGCGTG
50;GCCGGTAATACGACTCACTATAGGGCCTTGGCACCCGAGAATTCCANNNNNNGACACTACTTTTTTTTTTTTTTTTTTTTTTTV;GACACTAC
51;GCCGGTAATACGACTCACTATAGGGCCTTGGCACCCGAGAATTCCANNNNNNAGCGCTGCTTTTTTTTTTTTTTTTTTTTTTTV;AGCGCTGC
52;GCCGGTAATACGACTCACTATAGGGCCTTGGCACCCGAGAATTCCANNNNNNAGCCGACCTTTTTTTTTTTTTTTTTTTTTTTV;AGCCGACC
53;GCCGGTAATACGACTCACTATAGGGCCTTGGCACCCGAGAATTCCANNNNNNGACTGATCTTTTTTTTTTTTTTTTTTTTTTTV;GACTGATC
54;GCCGGTAATACGACTCACTATAGGGCCTTGGCACCCGAGAATTCCANNNNNNCGCCGCAATTTTTTTTTTTTTTTTTTTTTTTV;CGCCGCAA
55;GCCGGTAATACGACTCACTATAGGGCCTTGGCACCCGAGAATTCCANNNNNNACCAGCCGTTTTTTTTTTTTTTTTTTTTTTTV;ACCAGCCG
56;GCCGGTAATACGACTCACTATAGGGCCTTGGCACCCGAGAATTCCANNNNNNTACTGCGATTTTTTTTTTTTTTTTTTTTTTTV;TACTGCGA
57;GCCGGTAATACGACTCACTATAGGGCCTTGGCACCCGAGAATTCCANNNNNNGTCGGCTGTTTTTTTTTTTTTTTTTTTTTTTV;GTCGGCTG
58;GCCGGTAATACGACTCACTATAGGGCCTTGGCACCCGAGAATTCCANNNNNNCACTGTAGTTTTTTTTTTTTTTTTTTTTTTTV;CACTGTAG
59;GCCGGTAATACGACTCACTATAGGGCCTTGGCACCCGAGAATTCCANNNNNNATCGGTCATTTTTTTTTTTTTTTTTTTTTTTV;ATCGGTCA
60;GCCGGTAATACGACTCACTATAGGGCCTTGGCACCCGAGAATTCCANNNNNNTGCCGTGGTTTTTTTTTTTTTTTTTTTTTTTV;TGCCGTGG
61;GCCGGTAATACGACTCACTATAGGGCCTTGGCACCCGAGAATTCCANNNNNNGCCAGTTATTTTTTTTTTTTTTTTTTTTTTTV;GCCAGTTA
62;GCCGGTAATACGACTCACTATAGGGCCTTGGCACCCGAGAATTCCANNNNNNTGCATACGTTTTTTTTTTTTTTTTTTTTTTTV;TGCATACG
63;GCCGGTAATACGACTCACTATAGGGCCTTGGCACCCGAGAATTCCANNNNNNGCCTTAGATTTTTTTTTTTTTTTTTTTTTTTV;GCCTTAGA
64;GCCGGTAATACGACTCACTATAGGGCCTTGGCACCCGAGAATTCCANNNNNNCACGTATGTTTTTTTTTTTTTTTTTTTTTTTV;CACGTATG
65;GCCGGTAATACGACTCACTATAGGGCCTTGGCACCCGAGAATTCCANNNNNNAGCATCACTTTTTTTTTTTTTTTTTTTTTTTV;AGCATCAC
66;GCCGGTAATACGACTCACTATAGGGCCTTGGCACCCGAGAATTCCANNNNNNGACGTCGCTTTTTTTTTTTTTTTTTTTTTTTV;GACGTCGC
67;GCCGGTAATACGACTCACTATAGGGCCTTGGCACCCGAGAATTCCANNNNNNACCTTGAGTTTTTTTTTTTTTTTTTTTTTTTV;ACCTTGAG
68;GCCGGTAATACGACTCACTATAGGGCCTTGGCACCCGAGAATTCCANNNNNNTACGTGCATTTTTTTTTTTTTTTTTTTTTTTV;TACGTGCA
69;GCCGGTAATACGACTCACTATAGGGCCTTGGCACCCGAGAATTCCANNNNNNGTCCTGGGTTTTTTTTTTTTTTTTTTTTTTTV;GTCCTGGG
70;GCCGGTAATACGACTCACTATAGGGCCTTGGCACCCGAGAATTCCANNNNNNCGCATGTATTTTTTTTTTTTTTTTTTTTTTTV;CGCATGTA
71;GCCGGTAATACGACTCACTATAGGGCCTTGGCACCCGAGAATTCCANNNNNNCCGTAACATTTTTTTTTTTTTTTTTTTTTTTV;CCGTAACA
72;GCCGGTAATACGACTCACTATAGGGCCTTGGCACCCGAGAATTCCANNNNNNTTGCAATATTTTTTTTTTTTTTTTTTTTTTTV;TTGCAATA
73;GCCGGTAATACGACTCACTATAGGGCCTTGGCACCCGAGAATTCCANNNNNNCAGGACCCTTTTTTTTTTTTTTTTTTTTTTTV;CAGGACCC
74;GCCGGTAATACGACTCACTATAGGGCCTTGGCACCCGAGAATTCCANNNNNNTGGAACTCTTTTTTTTTTTTTTTTTTTTTTTV;TGGAACTC
75;GCCGGTAATACGACTCACTATAGGGCCTTGGCACCCGAGAATTCCANNNNNNCTGCAGCGTTTTTTTTTTTTTTTTTTTTTTTV;CTGCAGCG
76;GCCGGTAATACGACTCACTATAGGGCCTTGGCACCCGAGAATTCCANNNNNNTCGTAGTGTTTTTTTTTTTTTTTTTTTTTTTV;TCGTAGTG
77;GCCGGTAATACGACTCACTATAGGGCCTTGGCACCCGAGAATTCCANNNNNNGTGCATACTTTTTTTTTTTTTTTTTTTTTTTV;GTGCATAC
78;GCCGGTAATACGACTCACTATAGGGCCTTGGCACCCGAGAATTCCANNNNNNACGTATGCTTTTTTTTTTTTTTTTTTTTTTTV;ACGTATGC
79;GCCGGTAATACGACTCACTATAGGGCCTTGGCACCCGAGAATTCCANNNNNNACGGCACCTTTTTTTTTTTTTTTTTTTTTTTV;ACGGCACC
80;GCCGGTAATACGACTCACTATAGGGCCTTGGCACCCGAGAATTCCANNNNNNGTGACATCTTTTTTTTTTTTTTTTTTTTTTTV;GTGACATC
81;GCCGGTAATACGACTCACTATAGGGCCTTGGCACCCGAGAATTCCANNNNNNCCGGCCAATTTTTTTTTTTTTTTTTTTTTTTV;CCGGCCAA
82;GCCGGTAATACGACTCACTATAGGGCCTTGGCACCCGAGAATTCCANNNNNNTTGACCGATTTTTTTTTTTTTTTTTTTTTTTV;TTGACCGA
83;GCCGGTAATACGACTCACTATAGGGCCTTGGCACCCGAGAATTCCANNNNNNCAGCCGACTTTTTTTTTTTTTTTTTTTTTTTV;CAGCCGAC
84;GCCGGTAATACGACTCACTATAGGGCCTTGGCACCCGAGAATTCCANNNNNNTGGTCGGCTTTTTTTTTTTTTTTTTTTTTTTV;TGGTCGGC
85;GCCGGTAATACGACTCACTATAGGGCCTTGGCACCCGAGAATTCCANNNNNNCTGACTAGTTTTTTTTTTTTTTTTTTTTTTTV;CTGACTAG
86;GCCGGTAATACGACTCACTATAGGGCCTTGGCACCCGAGAATTCCANNNNNNAGGTCTCATTTTTTTTTTTTTTTTTTTTTTTV;AGGTCTCA
87;GCCGGTAATACGACTCACTATAGGGCCTTGGCACCCGAGAATTCCANNNNNNTCGGCTGGTTTTTTTTTTTTTTTTTTTTTTTV;TCGGCTGG
88;GCCGGTAATACGACTCACTATAGGGCCTTGGCACCCGAGAATTCCANNNNNNGAGCCTTATTTTTTTTTTTTTTTTTTTTTTTV;GAGCCTTA
89;GCCGGTAATACGACTCACTATAGGGCCTTGGCACCCGAGAATTCCANNNNNNTCGCGACGTTTTTTTTTTTTTTTTTTTTTTTV;TCGCGACG
90;GCCGGTAATACGACTCACTATAGGGCCTTGGCACCCGAGAATTCCANNNNNNCTGTGATGTTTTTTTTTTTTTTTTTTTTTTTV;CTGTGATG
91;GCCGGTAATACGACTCACTATAGGGCCTTGGCACCCGAGAATTCCANNNNNNACGCGCACTTTTTTTTTTTTTTTTTTTTTTTV;ACGCGCAC
92;GCCGGTAATACGACTCACTATAGGGCCTTGGCACCCGAGAATTCCANNNNNNGTGTGCGCTTTTTTTTTTTTTTTTTTTTTTTV;GTGTGCGC
93;GCCGGTAATACGACTCACTATAGGGCCTTGGCACCCGAGAATTCCANNNNNNTTGTGGCATTTTTTTTTTTTTTTTTTTTTTTV;TTGTGGCA
94;GCCGGTAATACGACTCACTATAGGGCCTTGGCACCCGAGAATTCCANNNNNNCCGCGGTATTTTTTTTTTTTTTTTTTTTTTTV;CCGCGGTA
95;GCCGGTAATACGACTCACTATAGGGCCTTGGCACCCGAGAATTCCANNNNNNCAGAGTTCTTTTTTTTTTTTTTTTTTTTTTTV;CAGAGTTC
96;GCCGGTAATACGACTCACTATAGGGCCTTGGCACCCGAGAATTCCANNNNNNTGGCTAACTTTTTTTTTTTTTTTTTTTTTTTV;TGGCTAAC
97;GCCGGTAATACGACTCACTATAGGGCCTTGGCACCCGAGAATTCCANNNNNNCAGTTAGCTTTTTTTTTTTTTTTTTTTTTTTV;CAGTTAGC
98;GCCGGTAATACGACTCACTATAGGGCCTTGGCACCCGAGAATTCCANNNNNNTCGATCAGTTTTTTTTTTTTTTTTTTTTTTTV;TCGATCAG
99;GCCGGTAATACGACTCACTATAGGGCCTTGGCACCCGAGAATTCCANNNNNNGAGTTCCATTTTTTTTTTTTTTTTTTTTTTTV;GAGTTCCA
100;GCCGGTAATACGACTCACTATAGGGCCTTGGCACCCGAGAATTCCANNNNNNCTGGTCGGTTTTTTTTTTTTTTTTTTTTTTTV;CTGGTCGG
101;GCCGGTAATACGACTCACTATAGGGCCTTGGCACCCGAGAATTCCANNNNNNAGGCTCTATTTTTTTTTTTTTTTTTTTTTTTV;AGGCTCTA
102;GCCGGTAATACGACTCACTATAGGGCCTTGGCACCCGAGAATTCCANNNNNNGTGGTGCCTTTTTTTTTTTTTTTTTTTTTTTV;GTGGTGCC
103;GCCGGTAATACGACTCACTATAGGGCCTTGGCACCCGAGAATTCCANNNNNNACGATGTCTTTTTTTTTTTTTTTTTTTTTTTV;ACGATGTC
104;GCCGGTAATACGACTCACTATAGGGCCTTGGCACCCGAGAATTCCANNNNNNCCGATTGATTTTTTTTTTTTTTTTTTTTTTTV;CCGATTGA
105;GCCGGTAATACGACTCACTATAGGGCCTTGGCACCCGAGAATTCCANNNNNNAATTAACCTTTTTTTTTTTTTTTTTTTTTTTV;AATTAACC
106;GCCGGTAATACGACTCACTATAGGGCCTTGGCACCCGAGAATTCCANNNNNNCATTACAATTTTTTTTTTTTTTTTTTTTTTTV;CATTACAA
107;GCCGGTAATACGACTCACTATAGGGCCTTGGCACCCGAGAATTCCANNNNNNATTGACCGTTTTTTTTTTTTTTTTTTTTTTTV;ATTGACCG
108;GCCGGTAATACGACTCACTATAGGGCCTTGGCACCCGAGAATTCCANNNNNNTGTCACGATTTTTTTTTTTTTTTTTTTTTTTV;TGTCACGA
109;GCCGGTAATACGACTCACTATAGGGCCTTGGCACCCGAGAATTCCANNNNNNGCTAACTGTTTTTTTTTTTTTTTTTTTTTTTV;GCTAACTG
110;GCCGGTAATACGACTCACTATAGGGCCTTGGCACCCGAGAATTCCANNNNNNCTTGAGACTTTTTTTTTTTTTTTTTTTTTTTV;CTTGAGAC
111;GCCGGTAATACGACTCACTATAGGGCCTTGGCACCCGAGAATTCCANNNNNNTCTAAGGCTTTTTTTTTTTTTTTTTTTTTTTV;TCTAAGGC
112;GCCGGTAATACGACTCACTATAGGGCCTTGGCACCCGAGAATTCCANNNNNNCGTCATAGTTTTTTTTTTTTTTTTTTTTTTTV;CGTCATAG
113;GCCGGTAATACGACTCACTATAGGGCCTTGGCACCCGAGAATTCCANNNNNNACTAATCATTTTTTTTTTTTTTTTTTTTTTTV;ACTAATCA
114;GCCGGTAATACGACTCACTATAGGGCCTTGGCACCCGAGAATTCCANNNNNNTATTATGGTTTTTTTTTTTTTTTTTTTTTTTV;TATTATGG
115;GCCGGTAATACGACTCACTATAGGGCCTTGGCACCCGAGAATTCCANNNNNNTATGCACGTTTTTTTTTTTTTTTTTTTTTTTV;TATGCACG
116;GCCGGTAATACGACTCACTATAGGGCCTTGGCACCCGAGAATTCCANNNNNNGTTCCAGATTTTTTTTTTTTTTTTTTTTTTTV;GTTCCAGA
117;GCCGGTAATACGACTCACTATAGGGCCTTGGCACCCGAGAATTCCANNNNNNCGTACATGTTTTTTTTTTTTTTTTTTTTTTTV;CGTACATG
118;GCCGGTAATACGACTCACTATAGGGCCTTGGCACCCGAGAATTCCANNNNNNAATGCCACTTTTTTTTTTTTTTTTTTTTTTTV;AATGCCAC
119;GCCGGTAATACGACTCACTATAGGGCCTTGGCACCCGAGAATTCCANNNNNNGGTACCGCTTTTTTTTTTTTTTTTTTTTTTTV;GGTACCGC
120;GCCGGTAATACGACTCACTATAGGGCCTTGGCACCCGAGAATTCCANNNNNNATTCCGAGTTTTTTTTTTTTTTTTTTTTTTTV;ATTCCGAG
121;GCCGGTAATACGACTCACTATAGGGCCTTGGCACCCGAGAATTCCANNNNNNTGTACGCATTTTTTTTTTTTTTTTTTTTTTTV;TGTACGCA
122;GCCGGTAATACGACTCACTATAGGGCCTTGGCACCCGAGAATTCCANNNNNNCATGCGTATTTTTTTTTTTTTTTTTTTTTTTV;CATGCGTA
123;GCCGGTAATACGACTCACTATAGGGCCTTGGCACCCGAGAATTCCANNNNNNTCTGGAACTTTTTTTTTTTTTTTTTTTTTTTV;TCTGGAAC
124;GCCGGTAATACGACTCACTATAGGGCCTTGGCACCCGAGAATTCCANNNNNNCTTAGAGCTTTTTTTTTTTTTTTTTTTTTTTV;CTTAGAGC
125;GCCGGTAATACGACTCACTATAGGGCCTTGGCACCCGAGAATTCCANNNNNNTATCGCAGTTTTTTTTTTTTTTTTTTTTTTTV;TATCGCAG
126;GCCGGTAATACGACTCACTATAGGGCCTTGGCACCCGAGAATTCCANNNNNNGTTAGCCATTTTTTTTTTTTTTTTTTTTTTTV;GTTAGCCA
127;GCCGGTAATACGACTCACTATAGGGCCTTGGCACCCGAGAATTCCANNNNNNCGTTGCGGTTTTTTTTTTTTTTTTTTTTTTTV;CGTTGCGG
128;GCCGGTAATACGACTCACTATAGGGCCTTGGCACCCGAGAATTCCANNNNNNACTGGCTATTTTTTTTTTTTTTTTTTTTTTTV;ACTGGCTA
129;GCCGGTAATACGACTCACTATAGGGCCTTGGCACCCGAGAATTCCANNNNNNAATCGGTCTTTTTTTTTTTTTTTTTTTTTTTV;AATCGGTC
130;GCCGGTAATACGACTCACTATAGGGCCTTGGCACCCGAGAATTCCANNNNNNTGTTGTAATTTTTTTTTTTTTTTTTTTTTTTV;TGTTGTAA
131;GCCGGTAATACGACTCACTATAGGGCCTTGGCACCCGAGAATTCCANNNNNNGCTGGTCGTTTTTTTTTTTTTTTTTTTTTTTV;GCTGGTCG
132;GCCGGTAATACGACTCACTATAGGGCCTTGGCACCCGAGAATTCCANNNNNNCATCGTGATTTTTTTTTTTTTTTTTTTTTTTV;CATCGTGA
133;GCCGGTAATACGACTCACTATAGGGCCTTGGCACCCGAGAATTCCANNNNNNATTAGTTGTTTTTTTTTTTTTTTTTTTTTTTV;ATTAGTTG
134;GCCGGTAATACGACTCACTATAGGGCCTTGGCACCCGAGAATTCCANNNNNNGCTCTAAGTTTTTTTTTTTTTTTTTTTTTTTV;GCTCTAAG
135;GCCGGTAATACGACTCACTATAGGGCCTTGGCACCCGAGAATTCCANNNNNNCATATACATTTTTTTTTTTTTTTTTTTTTTTV;CATATACA
136;GCCGGTAATACGACTCACTATAGGGCCTTGGCACCCGAGAATTCCANNNNNNTGTGTATATTTTTTTTTTTTTTTTTTTTTTTV;TGTGTATA
137;GCCGGTAATACGACTCACTATAGGGCCTTGGCACCCGAGAATTCCANNNNNNTCTCTCTCTTTTTTTTTTTTTTTTTTTTTTTV;TCTCTCTC
138;GCCGGTAATACGACTCACTATAGGGCCTTGGCACCCGAGAATTCCANNNNNNCGTGTGCGTTTTTTTTTTTTTTTTTTTTTTTV;CGTGTGCG
139;GCCGGTAATACGACTCACTATAGGGCCTTGGCACCCGAGAATTCCANNNNNNACTCTGGATTTTTTTTTTTTTTTTTTTTTTTV;ACTCTGGA
140;GCCGGTAATACGACTCACTATAGGGCCTTGGCACCCGAGAATTCCANNNNNNTATATGTGTTTTTTTTTTTTTTTTTTTTTTTV;TATATGTG
141;GCCGGTAATACGACTCACTATAGGGCCTTGGCACCCGAGAATTCCANNNNNNGGTGTTACTTTTTTTTTTTTTTTTTTTTTTTV;GGTGTTAC
142;GCCGGTAATACGACTCACTATAGGGCCTTGGCACCCGAGAATTCCANNNNNNAATATTGCTTTTTTTTTTTTTTTTTTTTTTTV;AATATTGC